feature,importance
interest_rate,0.1337753568757634
credit_score,0.10963265798283309
annual_income,0.10420811629101125
loan_amount,0.0972733817286144
loan_to_age,0.09700543720065324
dti_proxy,0.09565334102537018
age,0.08377043296590475
employment_length_yrs,0.058874708828133886
grade_enc,0.04931261784803599
purpose_enc,0.04419196426621317
orig_year,0.03639644538306677
orig_quarter,0.03475922388172951
term_months,0.03248185627890454
home_enc,0.022664459443765928
